cores,input,average_runtime
32,0,0.12693428993225098
32,0,0.12276816368103027
32,0,0.12276053428649902
32,0,0.12022590637207031
32,0,0.12353920936584473
32,0,0.12424945831298828
32,0,0.12321257591247559
32,0,0.12235569953918457
32,0,0.1206200122833252
32,0,0.12390017509460449
32,1,0.28527140617370605
32,1,0.2459104061126709
32,1,0.24843192100524902
32,1,0.247145414352417
32,1,0.24474263191223145
32,1,0.24347400665283203
32,1,0.24298906326293945
32,1,0.2453162670135498
32,1,0.24709272384643555
32,1,0.24463152885437012
32,2,0.40864133834838867
32,2,0.36463308334350586
32,2,0.3633847236633301
32,2,0.35570335388183594
32,2,0.3663654327392578
32,2,0.3626987934112549
32,2,0.36402177810668945
32,2,0.3570973873138428
32,2,0.35702061653137207
32,2,0.35553860664367676
32,3,0.5621330738067627
32,3,0.4962899684906006
32,3,0.476909875869751
32,3,0.47623205184936523
32,3,0.49564695358276367
32,3,0.4979434013366699
32,3,0.4836890697479248
32,3,0.4860539436340332
32,3,0.5000481605529785
32,3,0.5005848407745361
32,4,0.7009279727935791
32,4,0.7112386226654053
32,4,0.705949068069458
32,4,0.6883060932159424
32,4,0.7067611217498779
32,4,0.693803071975708
32,4,0.7044923305511475
32,4,0.706557035446167
32,4,0.6954953670501709
32,4,0.6938767433166504
32,5,0.9771294593811035
32,5,0.9627375602722168
32,5,0.9739253520965576
32,5,1.0029025077819824
32,5,0.9652533531188965
32,5,0.9546892642974854
32,5,0.9736180305480957
32,5,0.9762535095214844
32,5,0.9674050807952881
32,5,0.9746959209442139
32,6,1.9120583534240723
32,6,1.7872588634490967
32,6,1.7574968338012695
32,6,1.7809762954711914
32,6,1.729130744934082
32,6,1.7605481147766113
32,6,1.81884765625
32,6,1.7795188426971436
32,6,1.7953240871429443
32,6,1.7589561939239502
32,7,5.428728342056274
32,7,5.277757883071899
32,7,5.271020174026489
32,7,5.217185974121094
32,7,5.219055652618408
32,7,5.6529529094696045
32,7,5.208416700363159
32,7,5.769909143447876
32,7,5.396871566772461
32,7,5.318117618560791
32,8,11.18216872215271
32,8,10.848679780960083
32,8,10.83153247833252
32,8,11.061673641204834
32,8,10.845417022705078
32,8,14.464503765106201
32,8,10.868408203125
32,8,13.35837984085083
32,8,10.751449823379517
32,8,10.800752639770508
32,9,21.585263967514038
32,9,24.839234113693237
32,9,21.75250816345215
32,9,21.588499307632446
32,9,23.278809547424316
32,9,21.548011302947998
32,9,21.28390097618103
32,9,21.478185415267944
32,9,21.540018320083618
32,9,21.80783247947693
31,0,0.12465739250183105
31,0,0.1256575584411621
31,0,0.12196516990661621
31,0,0.12053751945495605
31,0,0.1222071647644043
31,0,0.12122011184692383
31,0,0.12309455871582031
31,0,0.12134718894958496
31,0,0.1213383674621582
31,0,0.12251138687133789
31,1,0.24657082557678223
31,1,0.24382972717285156
31,1,0.24262213706970215
31,1,0.24669361114501953
31,1,0.24455666542053223
31,1,0.24391746520996094
31,1,0.24463915824890137
31,1,0.24520206451416016
31,1,0.2402207851409912
31,1,0.24256014823913574
31,2,0.3601090908050537
31,2,0.35610413551330566
31,2,0.35825347900390625
31,2,0.35468602180480957
31,2,0.3536992073059082
31,2,0.35355544090270996
31,2,0.36629295349121094
31,2,0.3601381778717041
31,2,0.3962254524230957
31,2,0.36351966857910156
31,3,0.49683165550231934
31,3,0.5014321804046631
31,3,0.4845850467681885
31,3,0.4974055290222168
31,3,0.48998069763183594
31,3,0.4902510643005371
31,3,0.5042917728424072
31,3,0.49340152740478516
31,3,0.48976564407348633
31,3,0.4945805072784424
31,4,0.7097921371459961
31,4,0.7051091194152832
31,4,0.7358999252319336
31,4,0.7005131244659424
31,4,0.721606969833374
31,4,0.7135767936706543
31,4,0.7141432762145996
31,4,0.6997854709625244
31,4,0.7354154586791992
31,4,0.7215664386749268
31,5,0.98883056640625
31,5,0.9715049266815186
31,5,0.9668610095977783
31,5,0.9709110260009766
31,5,0.9932281970977783
31,5,0.9620006084442139
31,5,0.9674170017242432
31,5,0.9612228870391846
31,5,1.0420184135437012
31,5,0.9736878871917725
31,6,1.7883076667785645
31,6,1.7468509674072266
31,6,1.7655858993530273
31,6,1.7648570537567139
31,6,1.7677927017211914
31,6,1.7945594787597656
31,6,1.7732863426208496
31,6,1.8116977214813232
31,6,1.8094429969787598
31,6,1.7534770965576172
31,7,5.44118595123291
31,7,5.275843381881714
31,7,5.845785140991211
31,7,5.301659345626831
31,7,5.33948540687561
31,7,5.396225452423096
31,7,5.415219068527222
31,7,5.357172012329102
31,7,5.395856142044067
31,7,5.6248414516448975
31,8,10.891252040863037
31,8,10.959441661834717
31,8,10.895648956298828
31,8,10.940792322158813
31,8,11.024167537689209
31,8,11.015031099319458
31,8,10.8954176902771
31,8,10.88520860671997
31,8,10.949272871017456
31,8,13.661619663238525
31,9,21.604369401931763
31,9,21.793741941452026
31,9,21.562326431274414
31,9,21.855558156967163
31,9,21.64336371421814
31,9,21.716211318969727
31,9,21.760022401809692
31,9,21.66028118133545
31,9,22.617383003234863
31,9,21.61093759536743
30,0,0.11919188499450684
30,0,0.12109851837158203
30,0,0.12002229690551758
30,0,0.12327718734741211
30,0,0.12280726432800293
30,0,0.12137436866760254
30,0,0.12099337577819824
30,0,0.11996126174926758
30,0,0.12231922149658203
30,0,0.12259030342102051
30,1,0.2449173927307129
30,1,0.24238228797912598
30,1,0.23912405967712402
30,1,0.2415146827697754
30,1,0.24339675903320312
30,1,0.2409358024597168
30,1,0.23714947700500488
30,1,0.2421712875366211
30,1,0.24113798141479492
30,1,0.2424633502960205
30,2,0.3668234348297119
30,2,0.355419397354126
30,2,0.35068273544311523
30,2,0.3670055866241455
30,2,0.36233019828796387
30,2,0.36681365966796875
30,2,0.369692325592041
30,2,0.3514530658721924
30,2,0.362015962600708
30,2,0.363039493560791
30,3,0.5033144950866699
30,3,0.4845590591430664
30,3,0.49376893043518066
30,3,0.4780924320220947
30,3,0.4987678527832031
30,3,0.48053789138793945
30,3,0.500239372253418
30,3,0.47740936279296875
30,3,0.4850292205810547
30,3,0.4998619556427002
30,4,0.7052133083343506
30,4,0.7027003765106201
30,4,0.697136402130127
30,4,0.6945524215698242
30,4,0.7186684608459473
30,4,0.7051701545715332
30,4,0.7294661998748779
30,4,0.7123692035675049
30,4,0.7148089408874512
30,4,0.7213339805603027
30,5,0.9784443378448486
30,5,0.9935095310211182
30,5,0.9718017578125
30,5,0.9890346527099609
30,5,0.9802355766296387
30,5,0.956669807434082
30,5,0.9691300392150879
30,5,0.9815146923065186
30,5,0.9702608585357666
30,5,0.9700937271118164
30,6,1.7876684665679932
30,6,1.7946157455444336
30,6,1.78794264793396
30,6,1.7899296283721924
30,6,1.8005554676055908
30,6,1.7841110229492188
30,6,1.7966656684875488
30,6,1.7788763046264648
30,6,1.784132957458496
30,6,1.7926216125488281
30,7,6.00469446182251
30,7,5.393412351608276
30,7,5.483145475387573
30,7,5.470681190490723
30,7,5.593835115432739
30,7,5.47384238243103
30,7,5.478559494018555
30,7,5.486703157424927
30,7,5.531639099121094
30,7,5.47957968711853
30,8,12.568642139434814
30,8,11.048309803009033
30,8,11.070116758346558
30,8,11.137455701828003
30,8,10.995086193084717
30,8,11.004342317581177
30,8,11.094797134399414
30,8,11.077728986740112
30,8,11.121165037155151
30,8,11.29975962638855
30,9,22.515710830688477
30,9,22.618515253067017
30,9,22.17585325241089
30,9,21.944249629974365
30,9,21.90877628326416
30,9,21.95617985725403
30,9,22.092620372772217
30,9,22.237142086029053
30,9,22.44121026992798
30,9,21.742250680923462
29,0,0.12097024917602539
29,0,0.11877274513244629
29,0,0.11923789978027344
29,0,0.12137484550476074
29,0,0.12055063247680664
29,0,0.11976313591003418
29,0,0.11840653419494629
29,0,0.12032842636108398
29,0,0.12087178230285645
29,0,0.11994600296020508
29,1,0.23815155029296875
29,1,0.2397627830505371
29,1,0.2388763427734375
29,1,0.23943710327148438
29,1,0.2396695613861084
29,1,0.2395153045654297
29,1,0.2440030574798584
29,1,0.23847174644470215
29,1,0.24114203453063965
29,1,0.23818325996398926
29,2,0.3607950210571289
29,2,0.345858097076416
29,2,0.36280012130737305
29,2,0.35806941986083984
29,2,0.3566606044769287
29,2,0.363361120223999
29,2,0.350985050201416
29,2,0.3570113182067871
29,2,0.3530430793762207
29,2,0.35165953636169434
29,3,0.4967656135559082
29,3,0.4978945255279541
29,3,0.47992706298828125
29,3,0.49382638931274414
29,3,0.49874186515808105
29,3,0.48096656799316406
29,3,0.4873993396759033
29,3,0.4940946102142334
29,3,0.4970433712005615
29,3,0.4932820796966553
29,4,0.7168030738830566
29,4,0.7192513942718506
29,4,0.726057767868042
29,4,0.720905065536499
29,4,0.6994991302490234
29,4,0.7246637344360352
29,4,0.7039961814880371
29,4,0.717188835144043
29,4,0.7242431640625
29,4,0.711444616317749
29,5,0.97100830078125
29,5,0.9687190055847168
29,5,0.9941177368164062
29,5,0.9960825443267822
29,5,0.9927842617034912
29,5,0.9959101676940918
29,5,0.9770755767822266
29,5,0.9823601245880127
29,5,0.961353063583374
29,5,0.9797124862670898
29,6,1.8121082782745361
29,6,1.7809622287750244
29,6,1.8199784755706787
29,6,1.7873852252960205
29,6,1.8090929985046387
29,6,1.8034558296203613
29,6,1.8109099864959717
29,6,1.7999658584594727
29,6,1.8112914562225342
29,6,1.8086464405059814
29,7,5.6964545249938965
29,7,5.911444664001465
29,7,5.74196982383728
29,7,5.669315338134766
29,7,5.645995378494263
29,7,5.602595090866089
29,7,5.67887020111084
29,7,5.666834115982056
29,7,6.177428722381592
29,7,5.655147552490234
29,8,11.780977487564087
29,8,11.718545198440552
29,8,12.252710342407227
29,8,11.209895610809326
29,8,11.378298997879028
29,8,11.2619469165802
29,8,11.344384908676147
29,8,11.353085994720459
29,8,14.867571830749512
29,8,11.884815454483032
29,9,23.686156511306763
29,9,23.062798023223877
29,9,24.139942407608032
29,9,22.503381729125977
29,9,24.35144329071045
29,9,23.356462240219116
29,9,23.624256372451782
29,9,22.755845308303833
29,9,22.903501749038696
29,9,23.13554859161377
28,0,0.11900591850280762
28,0,0.11992669105529785
28,0,0.12010312080383301
28,0,0.12177896499633789
28,0,0.11766958236694336
28,0,0.11910891532897949
28,0,0.12047696113586426
28,0,0.11891865730285645
28,0,0.11925768852233887
28,0,0.11928534507751465
28,1,0.24042296409606934
28,1,0.24092364311218262
28,1,0.24273204803466797
28,1,0.23828744888305664
28,1,0.24036431312561035
28,1,0.23784661293029785
28,1,0.23780488967895508
28,1,0.23904085159301758
28,1,0.24114370346069336
28,1,0.23795247077941895
28,2,0.362473726272583
28,2,0.35845398902893066
28,2,0.3581349849700928
28,2,0.34914493560791016
28,2,0.3489549160003662
28,2,0.34793829917907715
28,2,0.35836362838745117
28,2,0.3841123580932617
28,2,0.35900235176086426
28,2,0.35849833488464355
28,3,0.4796578884124756
28,3,0.47893404960632324
28,3,0.485243558883667
28,3,0.49814605712890625
28,3,0.49800753593444824
28,3,0.4830608367919922
28,3,0.49592018127441406
28,3,0.49976301193237305
28,3,0.4839465618133545
28,3,0.49756407737731934
28,4,0.7298178672790527
28,4,0.7200992107391357
28,4,0.7241098880767822
28,4,0.7229301929473877
28,4,0.7209775447845459
28,4,0.7111411094665527
28,4,0.7112436294555664
28,4,0.7110569477081299
28,4,0.7142612934112549
28,4,0.7239789962768555
28,5,0.9795982837677002
28,5,0.9776053428649902
28,5,1.0420877933502197
28,5,0.9856870174407959
28,5,0.9923257827758789
28,5,0.9902985095977783
28,5,1.0020942687988281
28,5,1.0076110363006592
28,5,0.9710428714752197
28,5,0.978644847869873
28,6,1.845491647720337
28,6,1.825958251953125
28,6,1.8303496837615967
28,6,1.8485493659973145
28,6,1.8388772010803223
28,6,1.8190548419952393
28,6,1.8324041366577148
28,6,1.8545331954956055
28,6,1.8699884414672852
28,6,1.8365025520324707
28,7,5.782946586608887
28,7,5.6925036907196045
28,7,5.77652645111084
28,7,6.427632093429565
28,7,5.7342164516448975
28,7,6.375915765762329
28,7,5.719948768615723
28,7,5.727819204330444
28,7,5.8531293869018555
28,7,5.644267559051514
28,8,11.52200198173523
28,8,11.515398979187012
28,8,11.541813135147095
28,8,13.044139385223389
28,8,11.518612146377563
28,8,11.499456882476807
28,8,11.877818584442139
28,8,11.877223253250122
28,8,11.526637077331543
28,8,11.539752006530762
28,9,23.558688402175903
28,9,23.420518159866333
28,9,26.337443590164185
28,9,23.4355685710907
28,9,23.307934999465942
28,9,23.358724355697632
28,9,23.81774401664734
28,9,23.184016227722168
28,9,26.065316438674927
28,9,24.944212675094604
27,0,0.11975383758544922
27,0,0.11818242073059082
27,0,0.11940693855285645
27,0,0.12023568153381348
27,0,0.11933040618896484
27,0,0.11870574951171875
27,0,0.1202080249786377
27,0,0.11995339393615723
27,0,0.11711764335632324
27,0,0.12008094787597656
27,1,0.23865914344787598
27,1,0.2374427318572998
27,1,0.24500012397766113
27,1,0.23550653457641602
27,1,0.2369823455810547
27,1,0.23656892776489258
27,1,0.24010491371154785
27,1,0.23813700675964355
27,1,0.23653292655944824
27,1,0.23774242401123047
27,2,0.35123133659362793
27,2,0.359222412109375
27,2,0.3466973304748535
27,2,0.35404491424560547
27,2,0.3474595546722412
27,2,0.35500597953796387
27,2,0.34795641899108887
27,2,0.3530881404876709
27,2,0.3573744297027588
27,2,0.35295772552490234
27,3,0.4887516498565674
27,3,0.47827696800231934
27,3,0.47919154167175293
27,3,0.4982874393463135
27,3,0.49202704429626465
27,3,0.49986767768859863
27,3,0.49770426750183105
27,3,0.4915447235107422
27,3,0.490673303604126
27,3,0.49667787551879883
27,4,0.7200138568878174
27,4,0.7317600250244141
27,4,0.7078676223754883
27,4,0.7096428871154785
27,4,0.7081639766693115
27,4,0.729511022567749
27,4,0.7027349472045898
27,4,0.7099342346191406
27,4,0.7194743156433105
27,4,0.716956615447998
27,5,0.9953138828277588
27,5,0.9803366661071777
27,5,0.9988412857055664
27,5,0.9999241828918457
27,5,1.003502607345581
27,5,0.9923372268676758
27,5,0.9855024814605713
27,5,1.003122091293335
27,5,1.0042221546173096
27,5,0.9873831272125244
27,6,1.8584084510803223
27,6,1.84529447555542
27,6,1.9400784969329834
27,6,1.8941786289215088
27,6,1.8727765083312988
27,6,1.852369785308838
27,6,1.814178705215454
27,6,1.85318922996521
27,6,1.8333826065063477
27,6,1.8669359683990479
27,7,5.838518381118774
27,7,5.850378036499023
27,7,5.854753494262695
27,7,5.861221551895142
27,7,6.443887233734131
27,7,5.901947021484375
27,7,5.843122959136963
27,7,5.908964395523071
27,7,5.783965587615967
27,7,5.828141450881958
27,8,11.810437202453613
27,8,11.954572677612305
27,8,11.816434860229492
27,8,11.96677541732788
27,8,12.63580584526062
27,8,11.78750467300415
27,8,11.90365743637085
27,8,11.858654022216797
27,8,11.937108755111694
27,8,12.104365348815918
27,9,23.394808769226074
27,9,23.999762058258057
27,9,24.063072443008423
27,9,23.524385929107666
27,9,23.35213851928711
27,9,24.34276270866394
27,9,23.178094625473022
27,9,24.74244713783264
27,9,23.59329319000244
27,9,23.81109619140625
26,0,0.12143301963806152
26,0,0.11540412902832031
26,0,0.11604976654052734
26,0,0.11947154998779297
26,0,0.11905241012573242
26,0,0.11646246910095215
26,0,0.11714625358581543
26,0,0.11872720718383789
26,0,0.11805534362792969
26,0,0.115936279296875
26,1,0.23379826545715332
26,1,0.24118828773498535
26,1,0.23514556884765625
26,1,0.23660969734191895
26,1,0.23343563079833984
26,1,0.2364349365234375
26,1,0.2377791404724121
26,1,0.23690581321716309
26,1,0.23677611351013184
26,1,0.23633599281311035
26,2,0.3569145202636719
26,2,0.35745692253112793
26,2,0.35086560249328613
26,2,0.3537027835845947
26,2,0.3475930690765381
26,2,0.3501722812652588
26,2,0.3469831943511963
26,2,0.3563988208770752
26,2,0.34905123710632324
26,2,0.3464477062225342
26,3,0.481891393661499
26,3,0.49695658683776855
26,3,0.49605679512023926
26,3,0.4968597888946533
26,3,0.4842243194580078
26,3,0.49141764640808105
26,3,0.4855961799621582
26,3,0.4947021007537842
26,3,0.5019259452819824
26,3,0.502777099609375
26,4,0.7128338813781738
26,4,0.7212791442871094
26,4,0.7217721939086914
26,4,0.7202775478363037
26,4,0.7188971042633057
26,4,0.7168169021606445
26,4,0.7239015102386475
26,4,0.7257368564605713
26,4,0.7191169261932373
26,4,0.7210245132446289
26,5,0.9980757236480713
26,5,0.9984092712402344
26,5,1.005481481552124
26,5,0.9924483299255371
26,5,1.0084381103515625
26,5,0.9918582439422607
26,5,1.0123255252838135
26,5,1.0010054111480713
26,5,1.0047321319580078
26,5,1.023622989654541
26,6,1.8880705833435059
26,6,1.8944952487945557
26,6,1.8590824604034424
26,6,1.879725694656372
26,6,1.8976237773895264
26,6,1.8707995414733887
26,6,1.867469310760498
26,6,1.9482929706573486
26,6,1.8808741569519043
26,6,1.8798975944519043
26,7,6.2584757804870605
26,7,5.962197780609131
26,7,6.051774024963379
26,7,5.996461629867554
26,7,5.9178996086120605
26,7,5.897132873535156
26,7,5.9327356815338135
26,7,5.920882940292358
26,7,5.985445499420166
26,7,5.904848098754883
26,8,12.555953025817871
26,8,12.142396211624146
26,8,12.065898895263672
26,8,11.8651864528656
26,8,11.853955268859863
26,8,11.974389791488647
26,8,12.128165483474731
26,8,12.138312101364136
26,8,11.851816415786743
26,8,12.114484310150146
26,9,23.87898302078247
26,9,25.693378925323486
26,9,24.146344900131226
26,9,24.21657919883728
26,9,24.07550597190857
26,9,24.88239288330078
26,9,24.134089946746826
26,9,24.470198154449463
26,9,23.96635890007019
26,9,24.42801523208618
25,0,0.11531662940979004
25,0,0.11871051788330078
25,0,0.11752724647521973
25,0,0.11652612686157227
25,0,0.11757278442382812
25,0,0.1170802116394043
25,0,0.11739182472229004
25,0,0.11812567710876465
25,0,0.11752963066101074
25,0,0.1155385971069336
25,1,0.23792624473571777
25,1,0.23604464530944824
25,1,0.23305702209472656
25,1,0.2364649772644043
25,1,0.23589038848876953
25,1,0.23215317726135254
25,1,0.23441219329833984
25,1,0.23581385612487793
25,1,0.23451709747314453
25,1,0.23614883422851562
25,2,0.35437917709350586
25,2,0.3547840118408203
25,2,0.3486659526824951
25,2,0.347212553024292
25,2,0.3469698429107666
25,2,0.3497486114501953
25,2,0.3544931411743164
25,2,0.344956636428833
25,2,0.3569343090057373
25,2,0.3507566452026367
25,3,0.4912092685699463
25,3,0.4844343662261963
25,3,0.49625253677368164
25,3,0.4968905448913574
25,3,0.4961569309234619
25,3,0.49561476707458496
25,3,0.4810967445373535
25,3,0.4957103729248047
25,3,0.490797758102417
25,3,0.49130845069885254
25,4,0.7325260639190674
25,4,0.7341551780700684
25,4,0.7220876216888428
25,4,0.725571870803833
25,4,0.7259931564331055
25,4,0.7246651649475098
25,4,0.728623628616333
25,4,0.7127342224121094
25,4,0.76473069190979
25,4,0.7264134883880615
25,5,1.0384762287139893
25,5,1.01548433303833
25,5,1.0309641361236572
25,5,1.00172758102417
25,5,1.0216383934020996
25,5,1.0207693576812744
25,5,1.0057952404022217
25,5,1.0148634910583496
25,5,1.021285057067871
25,5,0.99151611328125
25,6,1.890575647354126
25,6,1.9119915962219238
25,6,1.912205696105957
25,6,1.976059913635254
25,6,1.925522804260254
25,6,1.9955620765686035
25,6,2.007793426513672
25,6,1.8917810916900635
25,6,1.9027786254882812
25,6,1.903761625289917
25,7,6.048793077468872
25,7,5.909509181976318
25,7,5.94773530960083
25,7,7.233591556549072
25,7,6.076372146606445
25,7,6.546564817428589
25,7,6.105684995651245
25,7,6.082464218139648
25,7,6.1689746379852295
25,7,6.093756198883057
25,8,12.864163398742676
25,8,12.9228036403656
25,8,12.366631031036377
25,8,12.803096771240234
25,8,12.429548501968384
25,8,12.585932970046997
25,8,12.218945264816284
25,8,12.519121170043945
25,8,12.330949544906616
25,8,12.658658266067505
25,9,24.98889470100403
25,9,25.071798086166382
25,9,25.244189739227295
25,9,24.592046976089478
25,9,25.18765664100647
25,9,25.175628185272217
25,9,25.03113317489624
25,9,25.1702938079834
25,9,24.898112773895264
25,9,25.29008913040161
24,0,0.11737394332885742
24,0,0.11635136604309082
24,0,0.1169288158416748
24,0,0.11638426780700684
24,0,0.1162867546081543
24,0,0.11545681953430176
24,0,0.11731171607971191
24,0,0.11799240112304688
24,0,0.11515092849731445
24,0,0.11697602272033691
24,1,0.23450565338134766
24,1,0.2335066795349121
24,1,0.2332448959350586
24,1,0.23468661308288574
24,1,0.2333066463470459
24,1,0.23180675506591797
24,1,0.23160195350646973
24,1,0.2326979637145996
24,1,0.23376083374023438
24,1,0.23195886611938477
24,2,0.3542299270629883
24,2,0.3470778465270996
24,2,0.35129523277282715
24,2,0.3492581844329834
24,2,0.3457767963409424
24,2,0.3524818420410156
24,2,0.3485233783721924
24,2,0.35324954986572266
24,2,0.3476853370666504
24,2,0.3480103015899658
24,3,0.49263954162597656
24,3,0.4917469024658203
24,3,0.498366117477417
24,3,0.4927060604095459
24,3,0.48052096366882324
24,3,0.4907708168029785
24,3,0.4918792247772217
24,3,0.5088322162628174
24,3,0.4842689037322998
24,3,0.4809548854827881
24,4,0.7251262664794922
24,4,0.7295148372650146
24,4,0.7245221138000488
24,4,0.7395303249359131
24,4,0.7179112434387207
24,4,0.7147998809814453
24,4,0.7206382751464844
24,4,0.7264699935913086
24,4,0.7324783802032471
24,4,0.727724552154541
24,5,1.0227327346801758
24,5,1.0475459098815918
24,5,1.025352954864502
24,5,1.0134782791137695
24,5,1.0255258083343506
24,5,1.0601367950439453
24,5,1.0164566040039062
24,5,1.0183327198028564
24,5,1.0145659446716309
24,5,1.014228105545044
24,6,1.938687801361084
24,6,1.858708381652832
24,6,1.8916535377502441
24,6,1.9340689182281494
24,6,1.9177298545837402
24,6,1.909259557723999
24,6,1.9460675716400146
24,6,2.067016124725342
24,6,1.9388232231140137
24,6,1.9239532947540283
24,7,6.1833953857421875
24,7,6.0473411083221436
24,7,6.260395765304565
24,7,6.558150053024292
24,7,6.039233446121216
24,7,6.100658655166626
24,7,6.884070873260498
24,7,6.0291008949279785
24,7,6.081326723098755
24,7,6.1472859382629395
24,8,12.45853066444397
24,8,12.381469011306763
24,8,12.808301210403442
24,8,12.36829423904419
24,8,12.40731954574585
24,8,12.975414752960205
24,8,12.476811408996582
24,8,12.3723464012146
24,8,12.522121906280518
24,8,12.468698978424072
24,9,25.027361631393433
24,9,25.73828887939453
24,9,25.049450635910034
24,9,25.04570698738098
24,9,25.134641885757446
24,9,25.54402256011963
24,9,25.11436128616333
24,9,24.92613911628723
24,9,24.9840886592865
24,9,25.13612127304077
23,0,0.11741042137145996
23,0,0.11577582359313965
23,0,0.11627459526062012
23,0,0.11654305458068848
23,0,0.11501097679138184
23,0,0.1168069839477539
23,0,0.1168820858001709
23,0,0.11729311943054199
23,0,0.11557412147521973
23,0,0.11548066139221191
23,1,0.23282194137573242
23,1,0.23222875595092773
23,1,0.2330799102783203
23,1,0.26164937019348145
23,1,0.23147821426391602
23,1,0.23197436332702637
23,1,0.23252463340759277
23,1,0.2320411205291748
23,1,0.22923707962036133
23,1,0.23380017280578613
23,2,0.3582313060760498
23,2,0.35509467124938965
23,2,0.34372878074645996
23,2,0.3426060676574707
23,2,0.3446509838104248
23,2,0.3439323902130127
23,2,0.351978063583374
23,2,0.35201263427734375
23,2,0.347639799118042
23,2,0.35143470764160156
23,3,0.49016332626342773
23,3,0.48266077041625977
23,3,0.4895811080932617
23,3,0.4942147731781006
23,3,0.4852025508880615
23,3,0.4829702377319336
23,3,0.4903526306152344
23,3,0.4937446117401123
23,3,0.49640655517578125
23,3,0.48226356506347656
23,4,0.7447340488433838
23,4,0.7158050537109375
23,4,0.7232880592346191
23,4,0.7482271194458008
23,4,0.7441496849060059
23,4,0.7280130386352539
23,4,0.7436532974243164
23,4,0.7416026592254639
23,4,0.7399992942810059
23,4,0.7218544483184814
23,5,1.0348010063171387
23,5,1.0355634689331055
23,5,1.0315966606140137
23,5,1.0167696475982666
23,5,1.0697212219238281
23,5,1.032886028289795
23,5,1.0531139373779297
23,5,1.0615935325622559
23,5,1.0332863330841064
23,5,1.0314929485321045
23,6,1.9254755973815918
23,6,1.9273340702056885
23,6,1.9642317295074463
23,6,1.9797468185424805
23,6,1.988049030303955
23,6,1.9247796535491943
23,6,1.9511070251464844
23,6,1.9142227172851562
23,6,1.9530060291290283
23,6,1.917858362197876
23,7,6.252783298492432
23,7,6.2346580028533936
23,7,6.177637100219727
23,7,6.169109344482422
23,7,6.149585723876953
23,7,6.253617525100708
23,7,6.162473201751709
23,7,6.398650884628296
23,7,6.176534175872803
23,7,6.242726802825928
23,8,12.681293487548828
23,8,12.7499680519104
23,8,12.873738050460815
23,8,13.460209369659424
23,8,13.130824565887451
23,8,12.535311937332153
23,8,12.603298664093018
23,8,12.542903184890747
23,8,12.75708794593811
23,8,12.743080854415894
23,9,26.165995359420776
23,9,25.42773985862732
23,9,25.38661003112793
23,9,25.62104296684265
23,9,25.24592900276184
23,9,25.516287565231323
23,9,25.72504949569702
23,9,26.063392877578735
23,9,25.438204288482666
23,9,26.04734492301941
22,0,0.11530756950378418
22,0,0.1150057315826416
22,0,0.11543917655944824
22,0,0.11427807807922363
22,0,0.1165304183959961
22,0,0.11530041694641113
22,0,0.11372041702270508
22,0,0.11516451835632324
22,0,0.11521172523498535
22,0,0.11547207832336426
22,1,0.22928881645202637
22,1,0.2317509651184082
22,1,0.23187828063964844
22,1,0.22834229469299316
22,1,0.23490619659423828
22,1,0.23479032516479492
22,1,0.2321462631225586
22,1,0.23357033729553223
22,1,0.22993898391723633
22,1,0.22953271865844727
22,2,0.3499021530151367
22,2,0.3514280319213867
22,2,0.35187339782714844
22,2,0.3531057834625244
22,2,0.350313663482666
22,2,0.34937047958374023
22,2,0.3516042232513428
22,2,0.34151363372802734
22,2,0.34929585456848145
22,2,0.3499448299407959
22,3,0.48949599266052246
22,3,0.48911619186401367
22,3,0.5028705596923828
22,3,0.4904451370239258
22,3,0.4818098545074463
22,3,0.4869198799133301
22,3,0.4878804683685303
22,3,0.4925992488861084
22,3,0.4908277988433838
22,3,0.488492488861084
22,4,0.7526416778564453
22,4,0.7336328029632568
22,4,0.7375273704528809
22,4,0.7326149940490723
22,4,0.7291102409362793
22,4,0.7244157791137695
22,4,0.7342169284820557
22,4,0.7443115711212158
22,4,0.7461385726928711
22,4,0.7219371795654297
22,5,1.0463130474090576
22,5,1.0369048118591309
22,5,1.0360612869262695
22,5,1.0272831916809082
22,5,1.0220122337341309
22,5,1.0389142036437988
22,5,1.0216388702392578
22,5,1.0297811031341553
22,5,1.0387499332427979
22,5,1.1030676364898682
22,6,1.9387621879577637
22,6,2.0007083415985107
22,6,1.9493966102600098
22,6,1.9344203472137451
22,6,1.9555683135986328
22,6,2.02697491645813
22,6,1.9684934616088867
22,6,1.960266351699829
22,6,2.102499485015869
22,6,2.1600887775421143
22,7,6.444602012634277
22,7,6.453422546386719
22,7,6.128416299819946
22,7,6.3319902420043945
22,7,6.300572872161865
22,7,6.467189311981201
22,7,6.378926753997803
22,7,6.313441276550293
22,7,6.409493684768677
22,7,6.492126941680908
22,8,13.510700225830078
22,8,13.112821817398071
22,8,14.970248937606812
22,8,12.99037218093872
22,8,13.07865023612976
22,8,13.213304996490479
22,8,12.479263305664062
22,8,12.889275312423706
22,8,13.057608604431152
22,8,13.036959648132324
22,9,26.163790941238403
22,9,26.456189393997192
22,9,26.562501668930054
22,9,26.22508955001831
22,9,26.530550003051758
22,9,26.204195499420166
22,9,26.371817111968994
22,9,26.234600067138672
22,9,26.498330116271973
22,9,26.143428087234497
21,0,0.11587762832641602
21,0,0.1139376163482666
21,0,0.11476969718933105
21,0,0.11383366584777832
21,0,0.11477470397949219
21,0,0.11453795433044434
21,0,0.11519551277160645
21,0,0.11512422561645508
21,0,0.1145782470703125
21,0,0.11447548866271973
21,1,0.22824335098266602
21,1,0.22760653495788574
21,1,0.2296147346496582
21,1,0.23607182502746582
21,1,0.22680878639221191
21,1,0.22823715209960938
21,1,0.22959351539611816
21,1,0.23101568222045898
21,1,0.2275371551513672
21,1,0.22588539123535156
21,2,0.34018945693969727
21,2,0.3492281436920166
21,2,0.3487362861633301
21,2,0.34432506561279297
21,2,0.34229111671447754
21,2,0.3483467102050781
21,2,0.33983302116394043
21,2,0.3464229106903076
21,2,0.347853422164917
21,2,0.3399028778076172
21,3,0.4894881248474121
21,3,0.4985692501068115
21,3,0.48266124725341797
21,3,0.48572707176208496
21,3,0.4967780113220215
21,3,0.49379730224609375
21,3,0.4931342601776123
21,3,0.4868505001068115
21,3,0.4879169464111328
21,3,0.4783935546875
21,4,0.7418718338012695
21,4,0.7290332317352295
21,4,0.7502093315124512
21,4,0.7372617721557617
21,4,0.72892165184021
21,4,0.730017900466919
21,4,0.7307121753692627
21,4,0.7385625839233398
21,4,0.734149694442749
21,4,0.733048677444458
21,5,1.0524146556854248
21,5,1.0461266040802002
21,5,1.062063455581665
21,5,1.0256898403167725
21,5,1.0463597774505615
21,5,1.1009986400604248
21,5,1.0506136417388916
21,5,1.0972404479980469
21,5,1.0273616313934326
21,5,1.0432085990905762
21,6,2.0087950229644775
21,6,1.976421594619751
21,6,2.012552499771118
21,6,2.026057243347168
21,6,1.9717726707458496
21,6,2.0290088653564453
21,6,1.9898350238800049
21,6,1.995037317276001
21,6,2.005510091781616
21,6,2.0438690185546875
21,7,6.579253435134888
21,7,6.322107315063477
21,7,6.447994232177734
21,7,6.495873689651489
21,7,6.367339372634888
21,7,6.5470452308654785
21,7,6.630518913269043
21,7,6.412133455276489
21,7,6.434099912643433
21,7,6.500318288803101
21,8,13.405781269073486
21,8,13.47785997390747
21,8,15.663524866104126
21,8,13.666938543319702
21,8,13.408170700073242
21,8,13.356894493103027
21,8,13.247889518737793
21,8,13.305389642715454
21,8,13.343449831008911
21,8,13.389771223068237
21,9,26.96534276008606
21,9,27.010798692703247
21,9,27.413272619247437
21,9,27.178128719329834
21,9,27.03633165359497
21,9,26.690012216567993
21,9,26.370473623275757
21,9,27.156144380569458
21,9,27.537286281585693
21,9,27.19371199607849
20,0,0.11211037635803223
20,0,0.11325216293334961
20,0,0.11392617225646973
20,0,0.11419439315795898
20,0,0.11400079727172852
20,0,0.11280202865600586
20,0,0.1125187873840332
20,0,0.11345529556274414
20,0,0.11420011520385742
20,0,0.11385965347290039
20,1,0.22529864311218262
20,1,0.22465109825134277
20,1,0.22799468040466309
20,1,0.22655463218688965
20,1,0.22555041313171387
20,1,0.22675085067749023
20,1,0.22588253021240234
20,1,0.22367405891418457
20,1,0.22682523727416992
20,1,0.22560906410217285
20,2,0.35051417350769043
20,2,0.34638524055480957
20,2,0.34407544136047363
20,2,0.3408496379852295
20,2,0.3406097888946533
20,2,0.34595155715942383
20,2,0.34571290016174316
20,2,0.3394656181335449
20,2,0.3422050476074219
20,2,0.349714994430542
20,3,0.4978067874908447
20,3,0.4903252124786377
20,3,0.4871861934661865
20,3,0.4861330986022949
20,3,0.4988899230957031
20,3,0.4881558418273926
20,3,0.4939594268798828
20,3,0.4958357810974121
20,3,0.492323637008667
20,3,0.4964160919189453
20,4,0.7489013671875
20,4,0.748009204864502
20,4,0.7596433162689209
20,4,0.7430100440979004
20,4,0.7298879623413086
20,4,0.7518672943115234
20,4,0.7470309734344482
20,4,0.7527377605438232
20,4,0.7358245849609375
20,4,0.7424197196960449
20,5,1.0532641410827637
20,5,1.06669282913208
20,5,1.0727500915527344
20,5,1.0600340366363525
20,5,1.0692875385284424
20,5,1.0724077224731445
20,5,1.0791964530944824
20,5,1.0764415264129639
20,5,1.0693533420562744
20,5,1.0592167377471924
20,6,2.043861150741577
20,6,2.0370030403137207
20,6,2.0433309078216553
20,6,2.0134034156799316
20,6,2.0554678440093994
20,6,2.04758882522583
20,6,2.0728979110717773
20,6,2.03737211227417
20,6,2.0794460773468018
20,6,2.0378386974334717
20,7,6.674399375915527
20,7,6.854283809661865
20,7,6.417313098907471
20,7,6.724851369857788
20,7,6.40127968788147
20,7,6.640264987945557
20,7,6.767467498779297
20,7,6.815245866775513
20,7,6.5699303150177
20,7,6.804031848907471
20,8,13.681685447692871
20,8,13.817589282989502
20,8,13.819981336593628
20,8,13.943666934967041
20,8,15.22817850112915
20,8,13.794462442398071
20,8,15.597860097885132
20,8,14.348763227462769
20,8,13.684576988220215
20,8,13.690311193466187
20,9,27.437369346618652
20,9,28.237224340438843
20,9,28.062607765197754
20,9,28.589831352233887
20,9,27.68609046936035
20,9,27.9479398727417
20,9,29.726932764053345
20,9,28.175756692886353
20,9,26.887335300445557
20,9,27.285088300704956
19,0,0.1137549877166748
19,0,0.11342978477478027
19,0,0.11383509635925293
19,0,0.11358332633972168
19,0,0.11264753341674805
19,0,0.11305117607116699
19,0,0.11375117301940918
19,0,0.11239361763000488
19,0,0.11429095268249512
19,0,0.11218762397766113
19,1,0.22366571426391602
19,1,0.22342419624328613
19,1,0.224348783493042
19,1,0.22504281997680664
19,1,0.22583341598510742
19,1,0.2242107391357422
19,1,0.22647452354431152
19,1,0.22529911994934082
19,1,0.2238612174987793
19,1,0.2257392406463623
19,2,0.34560728073120117
19,2,0.3434741497039795
19,2,0.34587645530700684
19,2,0.34186410903930664
19,2,0.3402745723724365
19,2,0.34568047523498535
19,2,0.3462698459625244
19,2,0.3464932441711426
19,2,0.3415510654449463
19,2,0.35292983055114746
19,3,0.4925956726074219
19,3,0.49476122856140137
19,3,0.49343299865722656
19,3,0.4985196590423584
19,3,0.4949300289154053
19,3,0.49213242530822754
19,3,0.4975004196166992
19,3,0.48800110816955566
19,3,0.5049078464508057
19,3,0.48712587356567383
19,4,0.7592689990997314
19,4,0.7583038806915283
19,4,0.7404360771179199
19,4,0.733130931854248
19,4,0.754310131072998
19,4,0.744744062423706
19,4,0.7494759559631348
19,4,0.7643964290618896
19,4,0.7715895175933838
19,4,0.7518579959869385
19,5,1.0706150531768799
19,5,1.096923828125
19,5,1.0852868556976318
19,5,1.1265621185302734
19,5,1.0842647552490234
19,5,1.0866825580596924
19,5,1.0903987884521484
19,5,1.1017301082611084
19,5,1.08748459815979
19,5,1.0889184474945068
19,6,2.1078853607177734
19,6,2.102756977081299
19,6,2.091918706893921
19,6,2.0668277740478516
19,6,2.067239999771118
19,6,2.083508014678955
19,6,2.055610418319702
19,6,2.0991134643554688
19,6,2.06266450881958
19,6,2.102518081665039
19,7,7.042278051376343
19,7,7.063895225524902
19,7,6.855087518692017
19,7,6.911356687545776
19,7,6.850925445556641
19,7,6.872652053833008
19,7,7.204587459564209
19,7,6.8654491901397705
19,7,6.784384489059448
19,7,6.954678058624268
19,8,13.83653712272644
19,8,14.4883394241333
19,8,14.482625722885132
19,8,14.41013789176941
19,8,14.375229358673096
19,8,14.14346957206726
19,8,14.394389629364014
19,8,14.130889892578125
19,8,14.326205253601074
19,8,14.14386773109436
19,9,29.290441036224365
19,9,28.33141016960144
19,9,28.8497154712677
19,9,28.394958019256592
19,9,28.63954257965088
19,9,28.162760496139526
19,9,29.241715669631958
19,9,28.03935194015503
19,9,28.43173885345459
19,9,28.94800066947937
18,0,0.11119961738586426
18,0,0.11046195030212402
18,0,0.11115074157714844
18,0,0.11127042770385742
18,0,0.11187434196472168
18,0,0.11105561256408691
18,0,0.11350488662719727
18,0,0.1120145320892334
18,0,0.11167788505554199
18,0,0.11159491539001465
18,1,0.22273755073547363
18,1,0.2224581241607666
18,1,0.22352075576782227
18,1,0.2205793857574463
18,1,0.22211194038391113
18,1,0.2216026782989502
18,1,0.2222299575805664
18,1,0.22603273391723633
18,1,0.22112178802490234
18,1,0.22210907936096191
18,2,0.3412902355194092
18,2,0.37183451652526855
18,2,0.3417818546295166
18,2,0.3476231098175049
18,2,0.3406381607055664
18,2,0.34639453887939453
18,2,0.3474161624908447
18,2,0.3474712371826172
18,2,0.3473021984100342
18,2,0.34504079818725586
18,3,0.4980924129486084
18,3,0.4957749843597412
18,3,0.49434828758239746
18,3,0.5011003017425537
18,3,0.49632716178894043
18,3,0.48809027671813965
18,3,0.5112485885620117
18,3,0.49901509284973145
18,3,0.5012485980987549
18,3,0.49064064025878906
18,4,0.7579219341278076
18,4,0.7556667327880859
18,4,0.7599654197692871
18,4,0.7464694976806641
18,4,0.7499651908874512
18,4,0.7662379741668701
18,4,0.7575218677520752
18,4,0.7682182788848877
18,4,0.7489843368530273
18,4,0.7657732963562012
18,5,1.142378568649292
18,5,1.0928089618682861
18,5,1.1190459728240967
18,5,1.1013660430908203
18,5,1.1027345657348633
18,5,1.1324687004089355
18,5,1.1008222103118896
18,5,1.108020544052124
18,5,1.0934290885925293
18,5,1.1136436462402344
18,6,2.1416146755218506
18,6,2.188347101211548
18,6,2.1825180053710938
18,6,2.3219738006591797
18,6,2.1541688442230225
18,6,2.166250467300415
18,6,2.115662097930908
18,6,2.14638090133667
18,6,2.2210073471069336
18,6,2.1350317001342773
18,7,7.198673963546753
18,7,7.021458148956299
18,7,6.932010889053345
18,7,7.0499889850616455
18,7,6.902407169342041
18,7,6.966302871704102
18,7,7.363583326339722
18,7,7.226628065109253
18,7,7.1046082973480225
18,7,7.027322053909302
18,8,15.019241333007812
18,8,14.711468696594238
18,8,14.89459490776062
18,8,14.556339263916016
18,8,14.733382940292358
18,8,14.55286979675293
18,8,14.634918689727783
18,8,14.733526229858398
18,8,14.529026985168457
18,8,14.463200092315674
18,9,29.55880618095398
18,9,33.37308216094971
18,9,31.096237421035767
18,9,29.364856719970703
18,9,29.09469962120056
18,9,29.739511728286743
18,9,29.071038246154785
18,9,30.04705786705017
18,9,30.508516788482666
18,9,29.26293158531189
17,0,0.11071181297302246
17,0,0.11131906509399414
17,0,0.11297225952148438
17,0,0.11318850517272949
17,0,0.11221837997436523
17,0,0.11065101623535156
17,0,0.1114656925201416
17,0,0.11076116561889648
17,0,0.11136412620544434
17,0,0.1097724437713623
17,1,0.2204904556274414
17,1,0.22356700897216797
17,1,0.2224290370941162
17,1,0.22287440299987793
17,1,0.2286393642425537
17,1,0.21982431411743164
17,1,0.22094297409057617
17,1,0.22318458557128906
17,1,0.2204265594482422
17,1,0.22087717056274414
17,2,0.34271764755249023
17,2,0.34488654136657715
17,2,0.33998608589172363
17,2,0.34073543548583984
17,2,0.339724063873291
17,2,0.3462235927581787
17,2,0.3457810878753662
17,2,0.3456079959869385
17,2,0.34037113189697266
17,2,0.34087538719177246
17,3,0.632774829864502
17,3,0.49836230278015137
17,3,0.49640488624572754
17,3,0.505657434463501
17,3,0.4972414970397949
17,3,0.49798583984375
17,3,0.5011980533599854
17,3,0.5010471343994141
17,3,0.49931764602661133
17,3,0.5009200572967529
17,4,0.7861053943634033
17,4,0.7625315189361572
17,4,0.7810871601104736
17,4,0.7614719867706299
17,4,0.7831001281738281
17,4,0.7738208770751953
17,4,0.7643430233001709
17,4,0.7785639762878418
17,4,0.7672426700592041
17,4,0.7837700843811035
17,5,1.1525404453277588
17,5,1.1205604076385498
17,5,1.1781952381134033
17,5,1.1275036334991455
17,5,1.1720008850097656
17,5,1.118384599685669
17,5,1.1321377754211426
17,5,1.1657447814941406
17,5,1.1708803176879883
17,5,1.1565978527069092
17,6,2.338386058807373
17,6,2.4159529209136963
17,6,2.2404704093933105
17,6,2.260044574737549
17,6,2.2243804931640625
17,6,2.2604129314422607
17,6,2.2201955318450928
17,6,2.207481622695923
17,6,2.2160208225250244
17,6,2.2197072505950928
17,7,8.605479001998901
17,7,7.524645805358887
17,7,8.543453454971313
17,7,7.567259311676025
17,7,7.148741722106934
17,7,7.574811220169067
17,7,7.5715861320495605
17,7,7.772062301635742
17,7,7.2610764503479
17,7,7.456178665161133
17,8,15.701866865158081
17,8,15.404829025268555
17,8,15.242282152175903
17,8,15.344168186187744
17,8,16.20226287841797
17,8,14.944565057754517
17,8,16.431530952453613
17,8,15.009506940841675
17,8,15.152658462524414
17,8,16.25964093208313
17,9,30.60154962539673
17,9,30.732789278030396
17,9,30.9062922000885
17,9,31.581228733062744
17,9,31.270468711853027
17,9,35.969016551971436
17,9,34.41702389717102
17,9,30.52641725540161
17,9,31.193013668060303
17,9,31.166661262512207
16,0,0.11439323425292969
16,0,0.11020827293395996
16,0,0.11040782928466797
16,0,0.11092853546142578
16,0,0.11156988143920898
16,0,0.11026358604431152
16,0,0.11048555374145508
16,0,0.11218571662902832
16,0,0.1110389232635498
16,0,0.11011004447937012
16,1,0.21833252906799316
16,1,0.22285962104797363
16,1,0.2192697525024414
16,1,0.21991515159606934
16,1,0.21936416625976562
16,1,0.22106337547302246
16,1,0.21901345252990723
16,1,0.22025299072265625
16,1,0.21875405311584473
16,1,0.21993327140808105
16,2,0.34000396728515625
16,2,0.342327356338501
16,2,0.340686559677124
16,2,0.342775821685791
16,2,0.340740442276001
16,2,0.34467315673828125
16,2,0.3480947017669678
16,2,0.34263134002685547
16,2,0.3409395217895508
16,2,0.3400449752807617
16,3,0.5005099773406982
16,3,0.5087494850158691
16,3,0.5002639293670654
16,3,0.49541258811950684
16,3,0.4991884231567383
16,3,0.4976480007171631
16,3,0.504042387008667
16,3,0.5104484558105469
16,3,0.5013089179992676
16,3,0.4980049133300781
16,4,0.7853646278381348
16,4,0.7836434841156006
16,4,0.7836003303527832
16,4,0.7910447120666504
16,4,0.7948265075683594
16,4,0.8022146224975586
16,4,0.7673351764678955
16,4,0.790564775466919
16,4,0.7840111255645752
16,4,0.7882544994354248
16,5,1.1947576999664307
16,5,1.2123913764953613
16,5,1.1847202777862549
16,5,1.1776542663574219
16,5,1.1376197338104248
16,5,1.1837387084960938
16,5,1.1924941539764404
16,5,1.161087989807129
16,5,1.2164840698242188
16,5,1.1475987434387207
16,6,2.522881031036377
16,6,2.2680389881134033
16,6,2.3129944801330566
16,6,2.2998769283294678
16,6,2.528897285461426
16,6,2.2780869007110596
16,6,2.3587207794189453
16,6,2.277395486831665
16,6,2.449199676513672
16,6,2.378034830093384
16,7,7.618973731994629
16,7,7.337323427200317
16,7,7.7941062450408936
16,7,7.839909791946411
16,7,7.842864990234375
16,7,7.744407653808594
16,7,7.8901567459106445
16,7,8.283019542694092
16,7,8.053932428359985
16,7,8.035768747329712
16,8,16.26333737373352
16,8,16.524382829666138
16,8,16.166189193725586
16,8,16.09816837310791
16,8,16.03773069381714
16,8,16.115918159484863
16,8,17.179645538330078
16,8,15.677457809448242
16,8,16.26017165184021
16,8,16.215184926986694
16,9,33.55968260765076
16,9,33.17320394515991
16,9,33.611594438552856
16,9,33.472484827041626
16,9,33.02210068702698
16,9,33.118059158325195
16,9,31.838722467422485
16,9,33.91738700866699
16,9,33.306368350982666
16,9,33.41433262825012
15,0,0.110260009765625
15,0,0.11078476905822754
15,0,0.10963869094848633
15,0,0.10984516143798828
15,0,0.11005663871765137
15,0,0.11050963401794434
15,0,0.10980796813964844
15,0,0.12476611137390137
15,0,0.11006379127502441
15,0,0.10923600196838379
15,1,0.21983671188354492
15,1,0.2190074920654297
15,1,0.217926025390625
15,1,0.22016596794128418
15,1,0.22058725357055664
15,1,0.21863126754760742
15,1,0.21959853172302246
15,1,0.2194221019744873
15,1,0.21873736381530762
15,1,0.2201852798461914
15,2,0.344897985458374
15,2,0.3419532775878906
15,2,0.3411064147949219
15,2,0.34563541412353516
15,2,0.3428809642791748
15,2,0.34326171875
15,2,0.34365177154541016
15,2,0.3419535160064697
15,2,0.34459924697875977
15,2,0.3440561294555664
15,3,0.5075604915618896
15,3,0.5070188045501709
15,3,0.5112841129302979
15,3,0.5121667385101318
15,3,0.5038959980010986
15,3,0.5692832469940186
15,3,0.5055465698242188
15,3,0.5038547515869141
15,3,0.507390022277832
15,3,0.5048313140869141
15,4,0.7932593822479248
15,4,0.8087339401245117
15,4,0.7963073253631592
15,4,0.7988770008087158
15,4,0.8028969764709473
15,4,0.8057882785797119
15,4,0.8164169788360596
15,4,0.8115766048431396
15,4,0.7943153381347656
15,4,0.8011264801025391
15,5,1.2721421718597412
15,5,1.2226102352142334
15,5,1.1939098834991455
15,5,1.2685952186584473
15,5,1.248241901397705
15,5,1.2176785469055176
15,5,1.2279396057128906
15,5,1.2238812446594238
15,5,1.1965947151184082
15,5,1.2288732528686523
15,6,2.497403860092163
15,6,2.424091100692749
15,6,2.4072611331939697
15,6,2.322289228439331
15,6,2.449260950088501
15,6,2.3262064456939697
15,6,2.5721213817596436
15,6,2.4345686435699463
15,6,2.47641921043396
15,6,2.3749849796295166
15,7,8.216406345367432
15,7,8.038041591644287
15,7,8.148858547210693
15,7,8.988611698150635
15,7,7.989569187164307
15,7,9.081894159317017
15,7,7.750479698181152
15,7,8.672568321228027
15,7,7.950537919998169
15,7,8.127004623413086
15,8,17.282984972000122
15,8,16.668770790100098
15,8,17.814784288406372
15,8,18.861323833465576
15,8,16.418642282485962
15,8,16.672438621520996
15,8,16.7209153175354
15,8,16.963650226593018
15,8,16.61967444419861
15,8,16.91950297355652
15,9,34.40757346153259
15,9,34.38587546348572
15,9,33.59290838241577
15,9,34.353193521499634
15,9,35.01819062232971
15,9,33.74454402923584
15,9,33.58927249908447
15,9,33.49016237258911
15,9,33.641934871673584
15,9,33.70914602279663
14,0,0.1113882064819336
14,0,0.1100471019744873
14,0,0.10771059989929199
14,0,0.11038494110107422
14,0,0.1097419261932373
14,0,0.10883021354675293
14,0,0.11130070686340332
14,0,0.11081862449645996
14,0,0.10843873023986816
14,0,0.10860729217529297
14,1,0.21751856803894043
14,1,0.21832060813903809
14,1,0.2194981575012207
14,1,0.21828413009643555
14,1,0.21892428398132324
14,1,0.2254490852355957
14,1,0.21834969520568848
14,1,0.21708059310913086
14,1,0.21849679946899414
14,1,0.21902132034301758
14,2,0.3408026695251465
14,2,0.34170007705688477
14,2,0.3426377773284912
14,2,0.34471988677978516
14,2,0.3438541889190674
14,2,0.3434474468231201
14,2,0.34270763397216797
14,2,0.34569501876831055
14,2,0.3441901206970215
14,2,0.3425633907318115
14,3,0.5154397487640381
14,3,0.5106363296508789
14,3,0.5048742294311523
14,3,0.5062263011932373
14,3,0.5102241039276123
14,3,0.5223493576049805
14,3,0.5182290077209473
14,3,0.5053067207336426
14,3,0.5182020664215088
14,3,0.5047907829284668
14,4,0.8302872180938721
14,4,0.8279035091400146
14,4,0.8183445930480957
14,4,0.8219575881958008
14,4,0.825859546661377
14,4,0.8230843544006348
14,4,0.8376433849334717
14,4,0.8519136905670166
14,4,0.8286936283111572
14,4,0.8327715396881104
14,5,1.2537522315979004
14,5,1.2163875102996826
14,5,1.2627358436584473
14,5,1.2332262992858887
14,5,1.2936689853668213
14,5,1.2597346305847168
14,5,1.2280969619750977
14,5,1.2604625225067139
14,5,1.282926082611084
14,5,1.2535901069641113
14,6,2.5070600509643555
14,6,2.445786952972412
14,6,2.710273265838623
14,6,2.4140405654907227
14,6,2.4981470108032227
14,6,2.465829372406006
14,6,2.532858371734619
14,6,2.4477221965789795
14,6,2.4911773204803467
14,6,2.4149396419525146
14,7,9.029423952102661
14,7,8.33307433128357
14,7,8.368415832519531
14,7,8.426320791244507
14,7,8.472606897354126
14,7,9.193117380142212
14,7,8.480075359344482
14,7,8.358238220214844
14,7,8.401993751525879
14,7,8.32697081565857
14,8,17.464240550994873
14,8,17.334563732147217
14,8,19.864943981170654
14,8,17.197073698043823
14,8,17.587626218795776
14,8,17.2032630443573
14,8,17.63626265525818
14,8,16.86563229560852
14,8,16.801757097244263
14,8,16.964314937591553
14,9,35.49824786186218
14,9,36.41825461387634
14,9,35.28325366973877
14,9,35.385188579559326
14,9,35.33239436149597
14,9,33.549952030181885
14,9,36.62071180343628
14,9,41.14149880409241
14,9,35.34108376502991
14,9,35.90011930465698
13,0,0.10925149917602539
13,0,0.10878324508666992
13,0,0.10942196846008301
13,0,0.11115455627441406
13,0,0.10665321350097656
13,0,0.10844063758850098
13,0,0.10761833190917969
13,0,0.10845041275024414
13,0,0.10770964622497559
13,0,0.10857558250427246
13,1,0.21413612365722656
13,1,0.216552734375
13,1,0.21838927268981934
13,1,0.21709489822387695
13,1,0.21538853645324707
13,1,0.21782898902893066
13,1,0.21911120414733887
13,1,0.21724200248718262
13,1,0.21768975257873535
13,1,0.2165520191192627
13,2,0.3451383113861084
13,2,0.3466837406158447
13,2,0.34384942054748535
13,2,0.3424959182739258
13,2,0.3462183475494385
13,2,0.3439338207244873
13,2,0.3437840938568115
13,2,0.34470462799072266
13,2,0.345505952835083
13,2,0.34032630920410156
13,3,0.522815465927124
13,3,0.5216054916381836
13,3,0.5208213329315186
13,3,0.5197393894195557
13,3,0.5246686935424805
13,3,0.5181307792663574
13,3,0.5213289260864258
13,3,0.5120964050292969
13,3,0.5177874565124512
13,3,0.5840902328491211
13,4,0.861586332321167
13,4,0.8270597457885742
13,4,0.843682050704956
13,4,0.8326263427734375
13,4,0.8712856769561768
13,4,0.8387589454650879
13,4,0.8507530689239502
13,4,0.8460156917572021
13,4,0.8181354999542236
13,4,0.8143208026885986
13,5,1.3004014492034912
13,5,1.3069629669189453
13,5,1.268967866897583
13,5,1.3102798461914062
13,5,1.2733790874481201
13,5,1.3243260383605957
13,5,1.304924726486206
13,5,1.2791047096252441
13,5,1.305783987045288
13,5,1.309673547744751
13,6,2.578442335128784
13,6,2.741863250732422
13,6,2.5283355712890625
13,6,2.9145431518554688
13,6,2.5911202430725098
13,6,2.6828057765960693
13,6,2.607262134552002
13,6,2.864447593688965
13,6,2.632628917694092
13,6,2.8602383136749268
13,7,9.01762080192566
13,7,8.864550590515137
13,7,8.924197435379028
13,7,9.1063392162323
13,7,9.027668714523315
13,7,9.081244468688965
13,7,8.923539638519287
13,7,9.05651068687439
13,7,8.971635341644287
13,7,9.224060773849487
13,8,19.35929012298584
13,8,18.82795763015747
13,8,18.915283918380737
13,8,18.654393434524536
13,8,19.58548092842102
13,8,18.100088357925415
13,8,18.655460596084595
13,8,22.369612455368042
13,8,18.753437995910645
13,8,17.986533641815186
13,9,39.311269760131836
13,9,38.04365277290344
13,9,40.291733741760254
13,9,37.36758351325989
13,9,37.688228368759155
13,9,39.24171733856201
13,9,38.48810958862305
13,9,39.18229794502258
13,9,37.900434732437134
13,9,37.845553398132324
12,0,0.11040711402893066
12,0,0.10666513442993164
12,0,0.1085660457611084
12,0,0.10939788818359375
12,0,0.10785055160522461
12,0,0.10825634002685547
12,0,0.10833263397216797
12,0,0.10959267616271973
12,0,0.1058967113494873
12,0,0.10806798934936523
12,1,0.21591806411743164
12,1,0.2195878028869629
12,1,0.21552562713623047
12,1,0.21471190452575684
12,1,0.21701741218566895
12,1,0.21725869178771973
12,1,0.21694254875183105
12,1,0.21619915962219238
12,1,0.21435093879699707
12,1,0.21384119987487793
12,2,0.3447589874267578
12,2,0.3427608013153076
12,2,0.3453855514526367
12,2,0.34296560287475586
12,2,0.3418571949005127
12,2,0.3408467769622803
12,2,0.346771240234375
12,2,0.34649229049682617
12,2,0.34380030632019043
12,2,0.3449106216430664
12,3,0.5315861701965332
12,3,0.5305874347686768
12,3,0.5341644287109375
12,3,0.5255672931671143
12,3,0.5389204025268555
12,3,0.533261775970459
12,3,0.5267834663391113
12,3,0.5244300365447998
12,3,0.5268917083740234
12,3,0.5235800743103027
12,4,0.8728399276733398
12,4,0.8677208423614502
12,4,0.8663632869720459
12,4,0.8815009593963623
12,4,0.8692054748535156
12,4,0.8571794033050537
12,4,0.8713912963867188
12,4,0.8814020156860352
12,4,0.8691473007202148
12,4,0.8802258968353271
12,5,1.3601932525634766
12,5,1.3200228214263916
12,5,1.3090403079986572
12,5,1.3221070766448975
12,5,1.3452768325805664
12,5,1.2756621837615967
12,5,1.3670988082885742
12,5,1.3623647689819336
12,5,1.3486053943634033
12,5,1.319178581237793
12,6,2.795513868331909
12,6,2.7851762771606445
12,6,2.7689852714538574
12,6,2.93804669380188
12,6,2.7888071537017822
12,6,2.9012951850891113
12,6,2.766540050506592
12,6,2.7795450687408447
12,6,2.798274517059326
12,6,2.740128517150879
12,7,9.301105976104736
12,7,9.521541595458984
12,7,10.720628499984741
12,7,9.526586771011353
12,7,9.558254718780518
12,7,9.46989369392395
12,7,9.509616613388062
12,7,9.456812858581543
12,7,9.554321765899658
12,7,9.50081729888916
12,8,19.98063826560974
12,8,19.326816082000732
12,8,20.017919540405273
12,8,19.9292049407959
12,8,19.92655324935913
12,8,19.99310827255249
12,8,19.696418046951294
12,8,20.164233922958374
12,8,20.017820596694946
12,8,20.735362768173218
12,9,39.5547661781311
12,9,40.6972918510437
12,9,40.35759520530701
12,9,38.68086314201355
12,9,40.56103229522705
12,9,40.5639591217041
12,9,39.62180185317993
12,9,38.91607594490051
12,9,40.014803886413574
12,9,40.01117181777954
11,0,0.1089165210723877
11,0,0.10504555702209473
11,0,0.10522055625915527
11,0,0.10485148429870605
11,0,0.10466265678405762
11,0,0.10541200637817383
11,0,0.1058351993560791
11,0,0.10533022880554199
11,0,0.10606861114501953
11,0,0.10806775093078613
11,1,0.2154552936553955
11,1,0.21163535118103027
11,1,0.21221208572387695
11,1,0.21274113655090332
11,1,0.2119579315185547
11,1,0.2159411907196045
11,1,0.2164466381072998
11,1,0.21635985374450684
11,1,0.21752309799194336
11,1,0.2126002311706543
11,2,0.3469414710998535
11,2,0.34085583686828613
11,2,0.347012996673584
11,2,0.3504343032836914
11,2,0.34773874282836914
11,2,0.346998929977417
11,2,0.34561800956726074
11,2,0.3445460796356201
11,2,0.3508734703063965
11,2,0.3402259349822998
11,3,0.5320584774017334
11,3,0.5350704193115234
11,3,0.5304381847381592
11,3,0.5329849720001221
11,3,0.5334327220916748
11,3,0.5415489673614502
11,3,0.5343348979949951
11,3,0.5367002487182617
11,3,0.5329992771148682
11,3,0.5332155227661133
11,4,0.9080142974853516
11,4,0.9086339473724365
11,4,0.9101970195770264
11,4,0.9031450748443604
11,4,0.9373688697814941
11,4,0.889808177947998
11,4,0.9129409790039062
11,4,0.9026691913604736
11,4,0.9005248546600342
11,4,0.8945162296295166
11,5,1.4321553707122803
11,5,1.411074161529541
11,5,1.3376851081848145
11,5,1.4279110431671143
11,5,1.4048576354980469
11,5,1.4252519607543945
11,5,1.4261727333068848
11,5,1.4207000732421875
11,5,1.4745094776153564
11,5,1.426309585571289
11,6,2.8873932361602783
11,6,2.9223403930664062
11,6,2.811765432357788
11,6,2.9543514251708984
11,6,2.9784862995147705
11,6,2.9271061420440674
11,6,2.969414472579956
11,6,3.0125837326049805
11,6,3.1816139221191406
11,6,2.9308817386627197
11,7,10.081138134002686
11,7,10.13800573348999
11,7,10.160533905029297
11,7,11.192767143249512
11,7,10.186198234558105
11,7,9.880521059036255
11,7,10.211302757263184
11,7,10.082696914672852
11,7,10.179184198379517
11,7,10.061281442642212
11,8,19.7691810131073
11,8,20.94269323348999
11,8,20.64703369140625
11,8,21.087990045547485
11,8,20.778934955596924
11,8,21.11495280265808
11,8,20.913652658462524
11,8,20.32618498802185
11,8,21.068438291549683
11,8,21.22265315055847
11,9,42.657225131988525
11,9,41.68593788146973
11,9,42.26862168312073
11,9,40.586143016815186
11,9,43.374489307403564
11,9,44.36824345588684
11,9,42.74766230583191
11,9,44.42851376533508
11,9,40.690659046173096
11,9,42.9246039390564
10,0,0.10945558547973633
10,0,0.10590577125549316
10,0,0.10772371292114258
10,0,0.10466933250427246
10,0,0.10557174682617188
10,0,0.1041417121887207
10,0,0.10405969619750977
10,0,0.10467362403869629
10,0,0.10550856590270996
10,0,0.10737156867980957
10,1,0.21091008186340332
10,1,0.21237659454345703
10,1,0.21160125732421875
10,1,0.2120218276977539
10,1,0.21223211288452148
10,1,0.21303129196166992
10,1,0.21220993995666504
10,1,0.21202874183654785
10,1,0.21030569076538086
10,1,0.21228456497192383
10,2,0.3481101989746094
10,2,0.3459937572479248
10,2,0.3454732894897461
10,2,0.347139835357666
10,2,0.347198486328125
10,2,0.3486945629119873
10,2,0.34613895416259766
10,2,0.34574389457702637
10,2,0.3444843292236328
10,2,0.35158324241638184
10,3,0.5428404808044434
10,3,0.5447554588317871
10,3,0.5510187149047852
10,3,0.5483098030090332
10,3,0.5467832088470459
10,3,0.5537753105163574
10,3,0.5418612957000732
10,3,0.5491294860839844
10,3,0.5454311370849609
10,3,0.55303955078125
10,4,0.9475667476654053
10,4,0.9422216415405273
10,4,0.9436886310577393
10,4,0.9235737323760986
10,4,0.942133903503418
10,4,0.9258236885070801
10,4,0.9375638961791992
10,4,0.940845251083374
10,4,0.9231302738189697
10,4,0.9439387321472168
10,5,1.4816734790802002
10,5,1.510711431503296
10,5,1.501481294631958
10,5,1.4904546737670898
10,5,1.456261157989502
10,5,1.490466594696045
10,5,1.5775971412658691
10,5,1.4933786392211914
10,5,1.396430253982544
10,5,1.4510459899902344
10,6,3.185356378555298
10,6,2.9247379302978516
10,6,3.199702739715576
10,6,3.1748528480529785
10,6,3.1677613258361816
10,6,3.0748696327209473
10,6,3.1887075901031494
10,6,3.2129669189453125
10,6,3.108194351196289
10,6,3.1836633682250977
10,7,10.917433023452759
10,7,10.648865699768066
10,7,10.958319187164307
10,7,10.881575584411621
10,7,10.885253667831421
10,7,10.557667970657349
10,7,10.82857894897461
10,7,10.926325559616089
10,7,9.998316764831543
10,7,10.869213819503784
10,8,22.490119695663452
10,8,21.921995162963867
10,8,22.62209701538086
10,8,20.80768656730652
10,8,22.478134393692017
10,8,21.927962064743042
10,8,22.24888586997986
10,8,22.876415967941284
10,8,21.88441753387451
10,8,22.401003122329712
10,9,47.38012909889221
10,9,43.78880739212036
10,9,47.296265840530396
10,9,47.232518911361694
10,9,46.8013379573822
10,9,46.03784465789795
10,9,43.022024631500244
10,9,46.51091027259827
10,9,46.99412226676941
10,9,47.2342209815979
9,0,0.1062784194946289
9,0,0.10609006881713867
9,0,0.10536026954650879
9,0,0.10377168655395508
9,0,0.10521054267883301
9,0,0.10428142547607422
9,0,0.10639190673828125
9,0,0.10457205772399902
9,0,0.10485196113586426
9,0,0.1046140193939209
9,1,0.21034669876098633
9,1,0.21474194526672363
9,1,0.21388983726501465
9,1,0.21242666244506836
9,1,0.21371221542358398
9,1,0.21380901336669922
9,1,0.2129809856414795
9,1,0.21271610260009766
9,1,0.21219420433044434
9,1,0.21176385879516602
9,2,0.35307908058166504
9,2,0.3512554168701172
9,2,0.3505892753601074
9,2,0.35173916816711426
9,2,0.35477781295776367
9,2,0.34891653060913086
9,2,0.35144996643066406
9,2,0.35352540016174316
9,2,0.3510286808013916
9,2,0.3478529453277588
9,3,0.5543205738067627
9,3,0.5603740215301514
9,3,0.560624361038208
9,3,0.5580790042877197
9,3,0.5782301425933838
9,3,0.5595850944519043
9,3,0.5644705295562744
9,3,0.5584518909454346
9,3,0.5618162155151367
9,3,0.5576057434082031
9,4,0.996138334274292
9,4,0.9952590465545654
9,4,0.9892003536224365
9,4,0.9953064918518066
9,4,0.9977633953094482
9,4,0.9842402935028076
9,4,0.9815652370452881
9,4,0.9634714126586914
9,4,0.9870450496673584
9,4,0.9843981266021729
9,5,1.5647809505462646
9,5,1.585118293762207
9,5,1.5192956924438477
9,5,1.5887930393218994
9,5,1.586134433746338
9,5,1.5879788398742676
9,5,1.5922050476074219
9,5,1.5881681442260742
9,5,1.579221487045288
9,5,1.5830461978912354
9,6,3.385871410369873
9,6,3.428039789199829
9,6,3.1408066749572754
9,6,3.3193228244781494
9,6,3.486112117767334
9,6,3.465108633041382
9,6,3.4395623207092285
9,6,3.4105420112609863
9,6,3.4366872310638428
9,6,3.0951244831085205
9,7,11.964580059051514
9,7,11.810682773590088
9,7,10.90986180305481
9,7,11.973161935806274
9,7,11.618950366973877
9,7,11.902386903762817
9,7,11.874705076217651
9,7,11.21972131729126
9,7,11.858712196350098
9,7,11.859543323516846
9,8,24.28739881515503
9,8,25.17428684234619
9,8,24.45880889892578
9,8,24.162555694580078
9,8,24.86432981491089
9,8,24.697487592697144
9,8,24.70416784286499
9,8,24.447920083999634
9,8,23.357961177825928
9,8,23.91813015937805
9,9,48.53381395339966
9,9,49.012084007263184
9,9,51.33273148536682
9,9,48.162118911743164
9,9,49.557498931884766
9,9,51.24862718582153
9,9,46.00810766220093
9,9,51.23056221008301
9,9,47.329933404922485
9,9,51.54187798500061
8,0,0.10515356063842773
8,0,0.10333967208862305
8,0,0.10378003120422363
8,0,0.10265517234802246
8,0,0.10472726821899414
8,0,0.10547375679016113
8,0,0.10407900810241699
8,0,0.10327911376953125
8,0,0.10389447212219238
8,0,0.10474872589111328
8,1,0.21243953704833984
8,1,0.21150875091552734
8,1,0.2120521068572998
8,1,0.212327241897583
8,1,0.21207904815673828
8,1,0.21224164962768555
8,1,0.21202754974365234
8,1,0.21242880821228027
8,1,0.21197056770324707
8,1,0.21136236190795898
8,2,0.35218048095703125
8,2,0.35451579093933105
8,2,0.35210347175598145
8,2,0.3534963130950928
8,2,0.3524956703186035
8,2,0.352428674697876
8,2,0.3539867401123047
8,2,0.3523542881011963
8,2,0.3541383743286133
8,2,0.3493833541870117
8,3,0.5739948749542236
8,3,0.5733044147491455
8,3,0.5744001865386963
8,3,0.5750973224639893
8,3,0.5735523700714111
8,3,0.5703837871551514
8,3,0.5740456581115723
8,3,0.5704584121704102
8,3,0.5775356292724609
8,3,0.5608577728271484
8,4,1.0368108749389648
8,4,0.9939999580383301
8,4,1.029001235961914
8,4,1.0288963317871094
8,4,0.9889583587646484
8,4,1.0287764072418213
8,4,1.0308396816253662
8,4,1.029768466949463
8,4,1.0335485935211182
8,4,1.0304558277130127
8,5,1.6932268142700195
8,5,1.6926524639129639
8,5,1.6841325759887695
8,5,1.6780147552490234
8,5,1.673171043395996
8,5,1.6895864009857178
8,5,1.7052969932556152
8,5,1.6772105693817139
8,5,1.6105015277862549
8,5,1.6811838150024414
8,6,3.6268961429595947
8,6,3.6571109294891357
8,6,3.6590306758880615
8,6,3.690199851989746
8,6,3.7080037593841553
8,6,3.507254123687744
8,6,3.716529607772827
8,6,3.723388671875
8,6,3.7015912532806396
8,6,3.693121910095215
8,7,13.13720989227295
8,7,12.531084299087524
8,7,12.610649108886719
8,7,13.145365953445435
8,7,13.089501857757568
8,7,12.317442417144775
8,7,12.237017631530762
8,7,11.72016191482544
8,7,13.138978242874146
8,7,12.376952409744263
8,8,26.57809329032898
8,8,27.460988759994507
8,8,24.5160493850708
8,8,27.42488408088684
8,8,26.00112771987915
8,8,26.294777631759644
8,8,27.434831380844116
8,8,25.72221827507019
8,8,26.458727836608887
8,8,25.848815202713013
8,9,50.90205097198486
8,9,52.17617869377136
8,9,55.33295273780823
8,9,52.377943992614746
8,9,50.64689254760742
8,9,52.571779012680054
8,9,55.30180644989014
8,9,55.35342502593994
8,9,55.4182767868042
8,9,50.544124603271484
7,0,0.10523772239685059
7,0,0.10278916358947754
7,0,0.10251998901367188
7,0,0.10343551635742188
7,0,0.10338115692138672
7,0,0.10364508628845215
7,0,0.11585330963134766
7,0,0.10399770736694336
7,0,0.10333704948425293
7,0,0.1035010814666748
7,1,0.2108156681060791
7,1,0.21119070053100586
7,1,0.21194243431091309
7,1,0.2115945816040039
7,1,0.21125197410583496
7,1,0.22314715385437012
7,1,0.2118823528289795
7,1,0.21119332313537598
7,1,0.2115800380706787
7,1,0.2112748622894287
7,2,0.35857653617858887
7,2,0.35854148864746094
7,2,0.3592665195465088
7,2,0.3573305606842041
7,2,0.35856151580810547
7,2,0.35660362243652344
7,2,0.3585965633392334
7,2,0.36037588119506836
7,2,0.35577917098999023
7,2,0.3553121089935303
7,3,0.5892958641052246
7,3,0.5943775177001953
7,3,0.5941329002380371
7,3,0.5921287536621094
7,3,0.5982460975646973
7,3,0.5929498672485352
7,3,0.5952391624450684
7,3,0.5938742160797119
7,3,0.5922014713287354
7,3,0.5947258472442627
7,4,1.0826709270477295
7,4,1.082040786743164
7,4,1.0699400901794434
7,4,1.0869817733764648
7,4,1.0855095386505127
7,4,1.0846571922302246
7,4,1.0899157524108887
7,4,1.0845305919647217
7,4,1.0806782245635986
7,4,1.0822782516479492
7,5,1.805715799331665
7,5,1.885089635848999
7,5,1.8047471046447754
7,5,1.7943673133850098
7,5,1.7955703735351562
7,5,1.8132078647613525
7,5,1.7871942520141602
7,5,1.799896478652954
7,5,1.7942278385162354
7,5,1.8020801544189453
7,6,4.076289176940918
7,6,3.990325450897217
7,6,3.9772403240203857
7,6,3.7630932331085205
7,6,3.9991421699523926
7,6,4.007471561431885
7,6,4.0216591358184814
7,6,4.012351989746094
7,6,4.024311304092407
7,6,4.006280183792114
7,7,14.139851808547974
7,7,14.206107378005981
7,7,14.170698881149292
7,7,14.20590329170227
7,7,13.858052730560303
7,7,13.397673606872559
7,7,13.275421619415283
7,7,14.229599714279175
7,7,13.922089338302612
7,7,14.305380582809448
7,8,30.359251260757446
7,8,27.320443630218506
7,8,30.385499715805054
7,8,30.17156195640564
7,8,30.199106693267822
7,8,30.261223316192627
7,8,28.288222551345825
7,8,30.115723133087158
7,8,30.216415882110596
7,8,28.601269960403442
7,9,61.349350452423096
7,9,61.87989950180054
7,9,61.60740351676941
7,9,58.901697397232056
7,9,58.58142066001892
7,9,61.85201406478882
7,9,54.91464710235596
7,9,55.49303197860718
7,9,61.87350058555603
7,9,61.24285268783569
6,0,0.10683274269104004
6,0,0.1033017635345459
6,0,0.10433697700500488
6,0,0.10303878784179688
6,0,0.10315752029418945
6,0,0.10316872596740723
6,0,0.10402202606201172
6,0,0.10482001304626465
6,0,0.1032414436340332
6,0,0.10278773307800293
6,1,0.2128129005432129
6,1,0.21316218376159668
6,1,0.2142791748046875
6,1,0.21848535537719727
6,1,0.21491789817810059
6,1,0.21445441246032715
6,1,0.2135782241821289
6,1,0.21509289741516113
6,1,0.2136249542236328
6,1,0.2140178680419922
6,2,0.3676443099975586
6,2,0.3695399761199951
6,2,0.41113853454589844
6,2,0.3684253692626953
6,2,0.36699914932250977
6,2,0.3680710792541504
6,2,0.3660295009613037
6,2,0.36949992179870605
6,2,0.36755967140197754
6,2,0.36858701705932617
6,3,0.6181519031524658
6,3,0.6222014427185059
6,3,0.61952805519104
6,3,0.6261334419250488
6,3,0.622521162033081
6,3,0.6189804077148438
6,3,0.627617359161377
6,3,0.6189205646514893
6,3,0.6343660354614258
6,3,0.6248831748962402
6,4,1.165184736251831
6,4,1.1190578937530518
6,4,1.1595447063446045
6,4,1.1656806468963623
6,4,1.1635375022888184
6,4,1.1704835891723633
6,4,1.1556816101074219
6,4,1.1655585765838623
6,4,1.1647942066192627
6,4,1.1229701042175293
6,5,1.9641096591949463
6,5,1.9699337482452393
6,5,1.9608876705169678
6,5,1.9673168659210205
6,5,1.961838960647583
6,5,1.9666094779968262
6,5,1.9711802005767822
6,5,1.9722778797149658
6,5,1.9697608947753906
6,5,1.98056960105896
6,6,4.431615591049194
6,6,4.482939004898071
6,6,4.43086576461792
6,6,4.464045524597168
6,6,4.419588804244995
6,6,4.411422252655029
6,6,4.391618967056274
6,6,4.401285409927368
6,6,4.409026622772217
6,6,4.477969646453857
6,7,14.969547510147095
6,7,15.913618564605713
6,7,15.919263362884521
6,7,15.966363191604614
6,7,15.400636911392212
6,7,15.860098600387573
6,7,15.900646209716797
6,7,15.46804690361023
6,7,15.852144956588745
6,7,15.550963163375854
6,8,31.780637502670288
6,8,31.775870323181152
6,8,31.57939863204956
6,8,33.61454463005066
6,8,31.08647656440735
6,8,30.47281002998352
6,8,33.669068336486816
6,8,33.823946714401245
6,8,31.516643524169922
6,8,30.660626888275146
6,9,68.18975806236267
6,9,61.288498401641846
6,9,68.28782796859741
6,9,68.10637640953064
6,9,68.07221937179565
6,9,64.54010128974915
6,9,68.5953619480133
6,9,68.5646641254425
6,9,64.46801853179932
6,9,68.48549795150757
5,0,0.10634446144104004
5,0,0.10309243202209473
5,0,0.10208916664123535
5,0,0.10229754447937012
5,0,0.10355949401855469
5,0,0.10302066802978516
5,0,0.10397505760192871
5,0,0.10294723510742188
5,0,0.10285568237304688
5,0,0.10268592834472656
5,1,0.21157217025756836
5,1,0.21427559852600098
5,1,0.21459388732910156
5,1,0.21351861953735352
5,1,0.21423912048339844
5,1,0.21483159065246582
5,1,0.21518158912658691
5,1,0.2149367332458496
5,1,0.2136223316192627
5,1,0.21352553367614746
5,2,0.37583255767822266
5,2,0.37946510314941406
5,2,0.3789482116699219
5,2,0.37735795974731445
5,2,0.3777601718902588
5,2,0.3793182373046875
5,2,0.3807511329650879
5,2,0.37905097007751465
5,2,0.3776834011077881
5,2,0.38421034812927246
5,3,0.6594696044921875
5,3,0.6518275737762451
5,3,0.6586623191833496
5,3,0.6600847244262695
5,3,0.6644611358642578
5,3,0.6599154472351074
5,3,0.6580185890197754
5,3,0.6570241451263428
5,3,0.6615731716156006
5,3,0.6573135852813721
5,4,1.263899803161621
5,4,1.2695808410644531
5,4,1.2183899879455566
5,4,1.2653803825378418
5,4,1.2698500156402588
5,4,1.2672901153564453
5,4,1.219055414199829
5,4,1.2709884643554688
5,4,1.2235772609710693
5,4,1.260096788406372
5,5,2.157238721847534
5,5,2.170297861099243
5,5,2.177232265472412
5,5,2.176862955093384
5,5,2.1751794815063477
5,5,2.1685822010040283
5,5,2.1605639457702637
5,5,2.1540892124176025
5,5,2.1809821128845215
5,5,2.1760590076446533
5,6,5.061176776885986
5,6,5.016774415969849
5,6,4.773508071899414
5,6,5.02088475227356
5,6,5.061523675918579
5,6,5.092824220657349
5,6,4.938201665878296
5,6,5.049462556838989
5,6,5.014577627182007
5,6,4.994904041290283
5,7,18.466192483901978
5,7,18.409215927124023
5,7,17.689825296401978
5,7,18.52116823196411
5,7,18.398959159851074
5,7,18.447279453277588
5,7,17.858654260635376
5,7,18.386579275131226
5,7,18.363752126693726
5,7,18.553931951522827
5,8,37.11360836029053
5,8,39.35092258453369
5,8,39.23039627075195
5,8,39.04556608200073
5,8,38.173299074172974
5,8,39.39567804336548
5,8,39.273643493652344
5,8,38.39918041229248
5,8,39.38214182853699
5,8,39.46415185928345
5,9,80.08574652671814
5,9,80.53931498527527
5,9,80.38880920410156
5,9,78.71945714950562
5,9,80.05688428878784
5,9,79.68672204017639
5,9,80.15089797973633
5,9,80.19013714790344
5,9,79.24344515800476
5,9,80.35070252418518
4,0,0.10538363456726074
4,0,0.1026010513305664
4,0,0.10228896141052246
4,0,0.1028754711151123
4,0,0.1018674373626709
4,0,0.10222864151000977
4,0,0.1024935245513916
4,0,0.10178089141845703
4,0,0.10245442390441895
4,0,0.10221076011657715
4,1,0.21480083465576172
4,1,0.21664977073669434
4,1,0.21600079536437988
4,1,0.21559357643127441
4,1,0.21842241287231445
4,1,0.21657323837280273
4,1,0.2153007984161377
4,1,0.2154223918914795
4,1,0.2152562141418457
4,1,0.22048234939575195
4,2,0.39409470558166504
4,2,0.3933074474334717
4,2,0.3923656940460205
4,2,0.3927788734436035
4,2,0.3958306312561035
4,2,0.3932316303253174
4,2,0.391127347946167
4,2,0.3942141532897949
4,2,0.39565062522888184
4,2,0.39501476287841797
4,3,0.709998369216919
4,3,0.7171204090118408
4,3,0.7154948711395264
4,3,0.7123174667358398
4,3,0.7147002220153809
4,3,0.7111918926239014
4,3,0.7102100849151611
4,3,0.7170557975769043
4,3,0.7090823650360107
4,3,0.7129154205322266
4,4,1.4302270412445068
4,4,1.3697285652160645
4,4,1.4178221225738525
4,4,1.4238038063049316
4,4,1.4308907985687256
4,4,1.419177770614624
4,4,1.4293208122253418
4,4,1.422111988067627
4,4,1.4289913177490234
4,4,1.4111745357513428
4,5,2.4805469512939453
4,5,2.4986493587493896
4,5,2.495443344116211
4,5,2.483281373977661
4,5,2.3396127223968506
4,5,2.4968183040618896
4,5,2.497943639755249
4,5,2.5095808506011963
4,5,2.459073305130005
4,5,2.475431203842163
4,6,5.9363603591918945
4,6,5.9030702114105225
4,6,5.941313743591309
4,6,5.912965536117554
4,6,5.979928493499756
4,6,5.904377460479736
4,6,5.950271844863892
4,6,5.8979973793029785
4,6,5.9343483448028564
4,6,5.91202974319458
4,7,21.37359857559204
4,7,21.015185594558716
4,7,20.749930143356323
4,7,20.884994745254517
4,7,20.779054880142212
4,7,21.53015685081482
4,7,21.336318731307983
4,7,21.52901291847229
4,7,21.03084969520569
4,7,20.897934913635254
4,8,46.87312722206116
4,8,45.306795835494995
4,8,46.85225200653076
4,8,47.05199074745178
4,8,46.922752141952515
4,8,46.84531617164612
4,8,46.59238576889038
4,8,46.88122606277466
4,8,44.858136892318726
4,8,46.82655072212219
4,9,97.12841272354126
4,9,95.6330976486206
4,9,96.14953780174255
4,9,95.728266954422
4,9,95.903635263443
4,9,96.50847244262695
4,9,96.5130124092102
4,9,95.70469546318054
4,9,96.40807962417603
4,9,95.9143271446228
3,0,0.10587882995605469
3,0,0.10384106636047363
3,0,0.10297966003417969
3,0,0.10298013687133789
3,0,0.1024479866027832
3,0,0.1035914421081543
3,0,0.10362458229064941
3,0,0.10300993919372559
3,0,0.10230016708374023
3,0,0.1018834114074707
3,1,0.21833562850952148
3,1,0.22049570083618164
3,1,0.2206401824951172
3,1,0.22022795677185059
3,1,0.21948838233947754
3,1,0.22078227996826172
3,1,0.22217273712158203
3,1,0.21996784210205078
3,1,0.21809935569763184
3,1,0.22030138969421387
3,2,0.4216957092285156
3,2,0.42302584648132324
3,2,0.42131662368774414
3,2,0.4244556427001953
3,2,0.42180585861206055
3,2,0.42206859588623047
3,2,0.42412447929382324
3,2,0.4242706298828125
3,2,0.42057037353515625
3,2,0.4209475517272949
3,3,0.8130040168762207
3,3,0.8159091472625732
3,3,0.8078553676605225
3,3,0.811974287033081
3,3,0.8069882392883301
3,3,0.8069629669189453
3,3,0.8046700954437256
3,3,0.808823823928833
3,3,0.8132460117340088
3,3,0.8060922622680664
3,4,1.679917573928833
3,4,1.6877336502075195
3,4,1.6158208847045898
3,4,1.670922040939331
3,4,1.6608281135559082
3,4,1.6836013793945312
3,4,1.6809120178222656
3,4,1.6838037967681885
3,4,1.654905080795288
3,4,1.6818149089813232
3,5,3.0166425704956055
3,5,3.022996664047241
3,5,2.9629828929901123
3,5,3.0369648933410645
3,5,2.9994373321533203
3,5,3.0492119789123535
3,5,2.951085329055786
3,5,3.043050527572632
3,5,3.0322227478027344
3,5,3.0312697887420654
3,6,7.349625587463379
3,6,7.3508312702178955
3,6,7.33625864982605
3,6,7.347478866577148
3,6,7.346260070800781
3,6,7.392618894577026
3,6,7.333534240722656
3,6,7.298138618469238
3,6,7.373891592025757
3,6,7.380051374435425
3,7,28.29131054878235
3,7,28.105651378631592
3,7,28.126009941101074
3,7,28.171733379364014
3,7,28.119774103164673
3,7,28.21752429008484
3,7,28.276033878326416
3,7,28.004413843154907
3,7,28.15159296989441
3,7,27.966282844543457
3,8,60.0607008934021
3,8,60.322206258773804
3,8,60.39239740371704
3,8,60.2079074382782
3,8,60.380863428115845
3,8,60.726160526275635
3,8,60.25592923164368
3,8,60.097081422805786
3,8,60.32671046257019
3,8,59.70433974266052
3,9,123.22226238250732
3,9,123.77617526054382
3,9,123.74781012535095
3,9,123.78734016418457
3,9,123.67140913009644
3,9,123.53720998764038
3,9,122.94571948051453
3,9,123.8589653968811
3,9,123.60806941986084
3,9,124.01510810852051
2,0,0.10766363143920898
2,0,0.10360288619995117
2,0,0.10316944122314453
2,0,0.10301613807678223
2,0,0.1025993824005127
2,0,0.10302972793579102
2,0,0.10271763801574707
2,0,0.1016535758972168
2,0,0.10218405723571777
2,0,0.10240888595581055
2,1,0.22617506980895996
2,1,0.2276170253753662
2,1,0.2267463207244873
2,1,0.2262275218963623
2,1,0.225935697555542
2,1,0.2283616065979004
2,1,0.22831177711486816
2,1,0.22745084762573242
2,1,0.22758269309997559
2,1,0.22763442993164062
2,2,0.4736466407775879
2,2,0.47571301460266113
2,2,0.4756007194519043
2,2,0.47312045097351074
2,2,0.47025585174560547
2,2,0.47475337982177734
2,2,0.47291088104248047
2,2,0.4733285903930664
2,2,0.4743075370788574
2,2,0.4750247001647949
2,3,0.9822168350219727
2,3,0.9941127300262451
2,3,0.9853723049163818
2,3,0.9873836040496826
2,3,0.981421709060669
2,3,0.9882242679595947
2,3,0.9859817028045654
2,3,0.9900655746459961
2,3,0.9902849197387695
2,3,0.98995041847229
2,4,2.158036708831787
2,4,2.1906914710998535
2,4,2.1400065422058105
2,4,2.1883437633514404
2,4,2.1594021320343018
2,4,2.1803672313690186
2,4,2.1863110065460205
2,4,2.1548588275909424
2,4,2.1868741512298584
2,4,2.1595659255981445
2,5,4.094586372375488
2,5,4.003885507583618
2,5,4.050625801086426
2,5,4.034128189086914
2,5,4.042711496353149
2,5,4.042737722396851
2,5,4.004331827163696
2,5,4.0174150466918945
2,5,4.045403480529785
2,5,4.004884243011475
2,6,10.169668197631836
2,6,10.179434061050415
2,6,10.166344404220581
2,6,10.222039937973022
2,6,10.149977445602417
2,6,10.233370304107666
2,6,10.166067838668823
2,6,10.241763353347778
2,6,10.271111965179443
2,6,10.080568075180054
2,7,39.44452381134033
2,7,39.457390546798706
2,7,39.6888964176178
2,7,39.56406259536743
2,7,39.58246827125549
2,7,39.69697570800781
2,7,39.679110527038574
2,7,39.48300743103027
2,7,39.54376244544983
2,7,39.51890826225281
2,8,83.05048418045044
2,8,84.75047492980957
2,8,85.40708041191101
2,8,84.46391558647156
2,8,83.19485092163086
2,8,83.23678994178772
2,8,85.32040357589722
2,8,85.41726493835449
2,8,85.44421339035034
2,8,84.78836131095886
2,9,175.38555550575256
2,9,171.30924654006958
2,9,175.43605256080627
2,9,174.92225313186646
2,9,174.71209740638733
2,9,174.80360054969788
2,9,174.5959174633026
2,9,175.6422700881958
2,9,175.0520534515381
2,9,174.68829369544983
1,0,0.10939908027648926
1,0,0.1076817512512207
1,0,0.10583066940307617
1,0,0.10426926612854004
1,0,0.10538125038146973
1,0,0.10557842254638672
1,0,0.10472464561462402
1,0,0.10632467269897461
1,0,0.10588192939758301
1,0,0.1060492992401123
1,1,0.24954891204833984
1,1,0.25246167182922363
1,1,0.2514512538909912
1,1,0.25241827964782715
1,1,0.25273561477661133
1,1,0.25275278091430664
1,1,0.2526085376739502
1,1,0.2506124973297119
1,1,0.2516658306121826
1,1,0.25181055068969727
1,2,0.6417882442474365
1,2,0.6474297046661377
1,2,0.6424353122711182
1,2,0.6430525779724121
1,2,0.640068769454956
1,2,0.6421265602111816
1,2,0.6435208320617676
1,2,0.6416809558868408
1,2,0.6437592506408691
1,2,0.6422648429870605
1,3,1.5889942646026611
1,3,1.5881359577178955
1,3,1.5160884857177734
1,3,1.5867512226104736
1,3,1.585524320602417
1,3,1.592388391494751
1,3,1.587111473083496
1,3,1.534365177154541
1,3,1.5929224491119385
1,3,1.5841643810272217
1,4,3.8748245239257812
1,4,3.8803648948669434
1,4,3.8674609661102295
1,4,3.876422166824341
1,4,3.8670036792755127
1,4,3.685232639312744
1,4,3.74565052986145
1,4,3.777945041656494
1,4,3.7895984649658203
1,4,3.815023183822632
1,5,7.298798084259033
1,5,7.317023992538452
1,5,7.3420422077178955
1,5,7.359076023101807
1,5,7.3786301612854
1,5,7.19070291519165
1,5,7.293593883514404
1,5,7.333923101425171
1,5,7.327277183532715
1,5,7.3642871379852295
1,6,19.04790210723877
1,6,18.86067843437195
1,6,19.059598207473755
1,6,19.10424494743347
1,6,19.072986841201782
1,6,18.820683002471924
1,6,18.950820684432983
1,6,19.026729345321655
1,6,19.170381546020508
1,6,18.798086404800415
1,7,75.92609167098999
1,7,75.98668503761292
1,7,75.95397877693176
1,7,75.9976327419281
1,7,75.95454955101013
1,7,76.09657120704651
1,7,76.04434013366699
1,7,75.96480417251587
1,7,76.01595854759216
1,7,76.03988432884216
1,8,165.3092589378357
1,8,164.75690245628357
1,8,165.0166621208191
1,8,164.98703026771545
1,8,164.67983317375183
1,8,165.51028513908386
1,8,165.9212131500244
1,8,165.00388503074646
1,8,164.53587913513184
1,8,166.04186511039734
1,9,339.84681367874146
1,9,341.4221668243408
1,9,340.50868797302246
1,9,339.6026518344879
1,9,340.7712917327881
1,9,340.45990538597107
1,9,340.2366280555725
1,9,341.2395317554474
1,9,340.4467511177063
1,9,339.401474237442
